,Transformer,HighSideConnection,NumPhases
0,Transformer.tr(r:rdt793-rdt793lv),wye,1
1,Transformer.tr(r:rdt794-rdt794lv),wye,1
2,Transformer.tr(r:rdt795-rdt795lv),wye,1
3,Transformer.tr(r:rdt797-rdt797lv),wye,1
4,Transformer.tr(r:rdt798-rdt798lv),wye,1
5,Transformer.tr(r:rdt800-rdt800lv),wye,1
6,Transformer.tr(r:rdt801-rdt801lv),wye,3
7,Transformer.tr(r:rdt1109-rdt1109lv),wye,3
8,Transformer.tr(r:rdt1110-rdt1110lv),wye,1
9,Transformer.tr(r:rdt1111-rdt1111lv),wye,1
10,Transformer.tr(r:rdt1112-rdt1112lv),wye,3
11,Transformer.tr(r:rdt1113-rdt1113lv),wye,3
12,Transformer.tr(r:rdt1114-rdt1114lv),wye,1
13,Transformer.tr(r:rdt1115-rdt1115lv),wye,1
14,Transformer.tr(r:rdt1116-rdt1116lv),wye,1
15,Transformer.tr(r:rdt1117-rdt1117lv),wye,1
16,Transformer.tr(r:rdt1118-rdt1118lv),wye,1
17,Transformer.tr(r:rdt1119-rdt1119lv),wye,1
18,Transformer.tr(r:rdt1120-rdt1120lv),wye,1
19,Transformer.tr(r:rdt1121-rdt1121lv),wye,1
20,Transformer.tr(r:rdt1124-rdt1124lv),wye,1
21,Transformer.tr(r:rdt1125-rdt1125lv),wye,1
22,Transformer.tr(r:rdt1126-rdt1126lv),wye,1
23,Transformer.tr(r:rdt1127-rdt1127lv),wye,1
24,Transformer.tr(r:rdt1128-rdt1128lv),wye,1
25,Transformer.tr(r:rdt1129-rdt1129lv),wye,1
26,Transformer.tr(r:rdt1130-rdt1130lv),wye,1
27,Transformer.tr(r:rdt1131-rdt1131lv),wye,1
28,Transformer.tr(r:rdt1132-rdt1132lv),wye,1
29,Transformer.tr(r:rdt1133-rdt1133lv),wye,1
30,Transformer.tr(r:rdt1134-rdt1134lv),wye,1
31,Transformer.tr(r:rdt1135-rdt1135lv),wye,1
32,Transformer.tr(r:rdt1136-rdt1136lv),wye,1
33,Transformer.tr(r:rdt1137-rdt1137lv),wye,1
34,Transformer.tr(r:rdt1138-rdt1138lv),wye,1
35,Transformer.tr(r:rdt1139-rdt1139lv),wye,1
36,Transformer.tr(r:rdt1140-rdt1140lv),wye,1
37,Transformer.tr(r:rdt1141-rdt1141lv),wye,1
38,Transformer.tr(r:rdt1142-rdt1142lv),wye,1
39,Transformer.tr(r:rdt1143-rdt1143lv),wye,1
40,Transformer.tr(r:rdt1144-rdt1144lv),wye,1
41,Transformer.tr(r:rdt1145-rdt1145lv),wye,1
42,Transformer.tr(r:rdt1146-rdt1146lv),wye,1
43,Transformer.tr(r:rdt1147-rdt1147lv),wye,1
44,Transformer.tr(r:rdt1148-rdt1148lv),wye,3
45,Transformer.tr(r:rdt1149-rdt1149lv),wye,1
46,Transformer.tr(r:rdt1150-rdt1150lv),wye,1
47,Transformer.tr(r:rdt1151-rdt1151lv),wye,1
48,Transformer.tr(r:rdt1152-rdt1152lv),wye,1
49,Transformer.tr(r:rdt1153-rdt1153lv),wye,1
50,Transformer.tr(r:rdt1154-rdt1154lv),wye,1
51,Transformer.tr(r:rdt1155-rdt1155lv),wye,1
52,Transformer.tr(r:rdt1156-rdt1156lv),wye,1
53,Transformer.tr(r:rdt1157-rdt1157lv),wye,1
54,Transformer.tr(r:rdt1158-rdt1158lv),wye,1
55,Transformer.tr(r:rdt1159-rdt1159lv),wye,1
56,Transformer.tr(r:rdt1160-rdt1160lv),wye,3
57,Transformer.tr(r:rdt1161-rdt1161lv),wye,1
58,Transformer.tr(r:rdt1162-rdt1162lv),wye,1
59,Transformer.tr(r:rdt1163-rdt1163lv),wye,1
60,Transformer.tr(r:rdt1164-rdt1164lv),wye,1
61,Transformer.tr(r:rdt1165-rdt1165lv),wye,1
62,Transformer.tr(r:rdt1166-rdt1166lv),wye,1
63,Transformer.tr(r:rdt1167-rdt1167lv),wye,1
64,Transformer.tr(r:rdt1168-rdt1168lv),wye,1
65,Transformer.tr(r:rdt1169-rdt1169lv),wye,1
66,Transformer.tr(r:rdt1170-rdt1170lv),wye,1
67,Transformer.tr(r:rdt1171-rdt1171lv),wye,1
68,Transformer.tr(r:rdt1172-rdt1172lv),wye,1
69,Transformer.tr(r:rdt1173-rdt1173lv),wye,1
70,Transformer.tr(r:rdt1174-rdt1174lv),wye,1
71,Transformer.tr(r:rdt1175-rdt1175lv),wye,1
72,Transformer.tr(r:rdt1176-rdt1176lv),wye,1
73,Transformer.tr(r:rdt1177-rdt1177lv),wye,1
74,Transformer.tr(r:rdt1178-rdt1178lv),wye,1
75,Transformer.tr(r:rdt1179-rdt1179lv),wye,1
76,Transformer.tr(r:rdt1180-rdt1180lv),wye,1
77,Transformer.tr(r:rdt1181-rdt1181lv),wye,1
78,Transformer.tr(r:rdt1182-rdt1182lv),wye,1
79,Transformer.tr(r:rdt1183-rdt1183lv),wye,1
80,Transformer.tr(r:rdt1184-rdt1184lv),wye,1
81,Transformer.tr(r:rdt1185-rdt1185lv),wye,1
82,Transformer.tr(r:rdt1186-rdt1186lv),wye,1
83,Transformer.tr(r:rdt1187-rdt1187lv),wye,1
84,Transformer.tr(r:rdt1188-rdt1188lv),wye,1
85,Transformer.tr(r:rdt1189-rdt1189lv),wye,1
86,Transformer.tr(r:rdt1190-rdt1190lv),wye,1
87,Transformer.tr(r:rdt1191-rdt1191lv),wye,1
88,Transformer.tr(r:rdt1192-rdt1192lv),wye,1
89,Transformer.tr(r:rdt1193-rdt1193lv),wye,1
90,Transformer.tr(r:rdt1194-rdt1194lv),wye,1
91,Transformer.tr(r:rdt1195-rdt1195lv),wye,1
92,Transformer.tr(r:rdt1196-rdt1196lv),wye,1
93,Transformer.tr(r:rdt1197-rdt1197lv),wye,1
94,Transformer.tr(r:rdt1198-rdt1198lv),wye,1
95,Transformer.tr(r:rdt1199-rdt1199lv),wye,1
96,Transformer.tr(r:rdt1200-rdt1200lv),wye,1
97,Transformer.tr(r:rdt1201-rdt1201lv),wye,3
98,Transformer.tr(r:rdt1202-rdt1202lv),wye,1
99,Transformer.tr(r:rdt1203-rdt1203lv),wye,1
100,Transformer.tr(r:rdt1521-rdt1521lv),wye,1
101,Transformer.tr(r:rdt1522-rdt1522lv),wye,1
102,Transformer.tr(r:rdt1523-rdt1523lv),wye,1
103,Transformer.tr(r:rdt1524-rdt1524lv),wye,1
104,Transformer.tr(r:rdt1525-rdt1525lv),wye,1
105,Transformer.tr(r:rdt1526-rdt1526lv),wye,1
106,Transformer.tr(r:rdt1527-rdt1527lv),wye,1
107,Transformer.tr(r:rdt1528-rdt1528lv),wye,1
108,Transformer.tr(r:rdt1529-rdt1529lv),wye,1
109,Transformer.tr(r:rdt1530-rdt1530lv),wye,1
110,Transformer.tr(r:rdt1531-rdt1531lv),wye,1
111,Transformer.tr(r:rdt1532-rdt1532lv),wye,1
112,Transformer.tr(r:rdt1533-rdt1533lv),wye,1
113,Transformer.tr(r:rdt1538-rdt1538lv),wye,1
114,Transformer.tr(r:rdt1540-rdt1540lv),wye,1
115,Transformer.tr(r:rdt1541-rdt1541lv),wye,1
116,Transformer.tr(r:rdt1542-rdt1542lv),wye,1
117,Transformer.tr(r:rdt1543-rdt1543lv),wye,1
118,Transformer.tr(r:rdt1544-rdt1544lv),wye,1
119,Transformer.tr(r:rdt1545-rdt1545lv),wye,1
120,Transformer.tr(r:rdt1546-rdt1546lv),wye,1
121,Transformer.tr(r:rdt1547-rdt1547lv),wye,1
122,Transformer.tr(r:rdt1548-rdt1548lv),wye,1
123,Transformer.tr(r:rdt1549-rdt1549lv),wye,1
124,Transformer.tr(r:rdt1550-rdt1550lv),wye,1
125,Transformer.tr(r:rdt1551-rdt1551lv),wye,1
126,Transformer.tr(r:rdt1552-rdt1552lv),wye,1
127,Transformer.tr(r:rdt1553-rdt1553lv),wye,1
128,Transformer.tr(r:rdt1554-rdt1554lv),wye,1
129,Transformer.tr(r:rdt1555-rdt1555lv),wye,1
130,Transformer.tr(r:rdt1556-rdt1556lv),wye,1
131,Transformer.tr(r:rdt1557-rdt1557lv),wye,1
132,Transformer.tr(r:rdt1558-rdt1558lv),wye,1
133,Transformer.tr(r:rdt1559-rdt1559lv),wye,1
134,Transformer.tr(r:rdt1560-rdt1560lv),wye,1
135,Transformer.tr(r:rdt1561-rdt1561lv),wye,1
136,Transformer.tr(r:rdt1562-rdt1562lv),wye,1
137,Transformer.tr(r:rdt1563-rdt1563lv),wye,1
138,Transformer.tr(r:rdt1564-rdt1564lv),wye,1
139,Transformer.tr(r:rdt1575-rdt1575lv),wye,1
140,Transformer.tr(r:rdt1576-rdt1576lv),wye,1
141,Transformer.tr(r:rdt1577-rdt1577lv),wye,1
142,Transformer.tr(r:rdt1578-rdt1578lv),wye,1
143,Transformer.tr(r:rdt1579-rdt1579lv),wye,3
144,Transformer.tr(r:rdt1580-rdt1580lv),wye,1
145,Transformer.tr(r:rdt1581-rdt1581lv),wye,1
146,Transformer.tr(r:rdt1582-rdt1582lv),wye,1
147,Transformer.tr(r:rdt1583-rdt1583lv),wye,1
148,Transformer.tr(r:rdt1584-rdt1584lv),wye,1
149,Transformer.tr(r:rdt1585-rdt1585lv),wye,1
150,Transformer.tr(r:rdt1586-rdt1586lv),wye,1
151,Transformer.tr(r:rdt1587-rdt1587lv),wye,1
152,Transformer.tr(r:rdt1588-rdt1588lv),wye,1
153,Transformer.tr(r:rdt1589-rdt1589lv),wye,1
154,Transformer.tr(r:rdt1590-rdt1590lv),wye,1
155,Transformer.tr(r:rdt1591-rdt1591lv),wye,1
156,Transformer.tr(r:rdt1592-rdt1592lv),wye,1
157,Transformer.tr(r:rdt1593-rdt1593lv),wye,1
158,Transformer.tr(r:rdt1594-rdt1594lv),wye,1
159,Transformer.tr(r:rdt1595-rdt1595lv),wye,1
160,Transformer.tr(r:rdt1596-rdt1596lv),wye,1
161,Transformer.tr(r:rdt1597-rdt1597lv),wye,1
162,Transformer.tr(r:rdt1598-rdt1598lv),wye,1
163,Transformer.tr(r:rdt1599-rdt1599lv),wye,1
164,Transformer.tr(r:rdt1600-rdt1600lv),wye,1
165,Transformer.tr(r:rdt1601-rdt1601lv),wye,1
166,Transformer.tr(r:rdt1602-rdt1602lv),wye,1
167,Transformer.tr(r:rdt1603-rdt1603lv),wye,1
168,Transformer.tr(r:rdt1604-rdt1604lv),wye,1
169,Transformer.tr(r:rdt1605-rdt1605lv),wye,1
170,Transformer.tr(r:rdt1606-rdt1606lv),wye,1
171,Transformer.tr(r:rdt1607-rdt1607lv),wye,1
172,Transformer.tr(r:rdt1608-rdt1608lv),wye,1
173,Transformer.tr(r:rdt1609-rdt1609lv),wye,1
174,Transformer.tr(r:rdt1610-rdt1610lv),wye,1
175,Transformer.tr(r:rdt1611-rdt1611lv),wye,1
176,Transformer.tr(r:rdt1612-rdt1612lv),wye,1
177,Transformer.tr(r:rdt1613-rdt1613lv),wye,1
178,Transformer.tr(r:rdt1614-rdt1614lv),wye,1
179,Transformer.tr(r:rdt1615-rdt1615lv),wye,1
180,Transformer.tr(r:rdt1616-rdt1616lv),wye,1
181,Transformer.tr(r:rdt1617-rdt1617lv),wye,1
182,Transformer.tr(r:rdt1618-rdt1618lv),wye,1
183,Transformer.tr(r:rdt1619-rdt1619lv),wye,1
184,Transformer.tr(r:rdt1620-rdt1620lv),wye,1
185,Transformer.tr(r:rdt1621-rdt1621lv),wye,1
186,Transformer.tr(r:rdt1622-rdt1622lv),wye,1
187,Transformer.tr(r:rdt1623-rdt1623lv),wye,1
188,Transformer.tr(r:rdt1624-rdt1624lv),wye,1
189,Transformer.tr(r:rdt1625-rdt1625lv),wye,1
190,Transformer.tr(r:rdt1626-rdt1626lv),wye,1
191,Transformer.tr(r:rdt1627-rdt1627lv),wye,1
192,Transformer.tr(r:rdt1628-rdt1628lv),wye,1
193,Transformer.tr(r:rdt1629-rdt1629lv),wye,1
194,Transformer.tr(r:rdt1630-rdt1630lv),wye,1
195,Transformer.tr(r:rdt1631-rdt1631lv),wye,1
196,Transformer.tr(r:rdt1632-rdt1632lv),wye,1
197,Transformer.tr(r:rdt1633-rdt1633lv),wye,1
198,Transformer.tr(r:rdt1634-rdt1634lv),wye,1
199,Transformer.tr(r:rdt1635-rdt1635lv),wye,1
200,Transformer.tr(r:rdt1636-rdt1636lv),wye,1
201,Transformer.tr(r:rdt1637-rdt1637lv),wye,1
202,Transformer.tr(r:rdt1638-rdt1638lv),wye,1
203,Transformer.tr(r:rdt1639-rdt1639lv),wye,1
204,Transformer.tr(r:rdt1640-rdt1640lv),wye,1
205,Transformer.tr(r:rdt1641-rdt1641lv),wye,1
206,Transformer.tr(r:rdt1642-rdt1642lv),wye,1
207,Transformer.tr(r:rdt1643-rdt1643lv),wye,1
208,Transformer.tr(r:rdt1644-rdt1644lv),wye,1
209,Transformer.tr(r:rdt1645-rdt1645lv),wye,1
210,Transformer.tr(r:rdt1646-rdt1646lv),wye,1
211,Transformer.tr(r:rdt1647-rdt1647lv),wye,1
212,Transformer.tr(r:rdt1648-rdt1648lv),wye,1
213,Transformer.tr(r:rdt1649-rdt1649lv),wye,1
214,Transformer.tr(r:rdt1650-rdt1650lv),wye,1
215,Transformer.tr(r:rdt1651-rdt1651lv),wye,1
216,Transformer.tr(r:rdt1652-rdt1652lv),wye,1
217,Transformer.tr(r:rdt1653-rdt1653lv),wye,1
218,Transformer.tr(r:rdt1654-rdt1654lv),wye,1
219,Transformer.tr(r:rdt1655-rdt1655lv),wye,1
220,Transformer.tr(r:rdt1656-rdt1656lv),wye,1
221,Transformer.tr(r:rdt1657-rdt1657lv),wye,1
222,Transformer.tr(r:rdt1658-rdt1658lv),wye,1
223,Transformer.tr(r:rdt1659-rdt1659lv),wye,1
224,Transformer.tr(r:rdt1660-rdt1660lv),wye,1
225,Transformer.tr(r:rdt1661-rdt1661lv),wye,1
226,Transformer.tr(r:rdt1662-rdt1662lv),wye,1
227,Transformer.tr(r:rdt1663-rdt1663lv),wye,1
228,Transformer.tr(r:rdt1664-rdt1664lv),wye,1
229,Transformer.tr(r:rdt1665-rdt1665lv),wye,1
230,Transformer.tr(r:rdt1666-rdt1666lv),wye,1
231,Transformer.tr(r:rdt1667-rdt1667lv),wye,1
232,Transformer.tr(r:rdt1668-rdt1668lv),wye,1
233,Transformer.tr(r:rdt1669-rdt1669lv),wye,1
234,Transformer.tr(r:rdt1670-rdt1670lv),wye,1
235,Transformer.tr(r:rdt1671-rdt1671lv),wye,1
236,Transformer.tr(r:rdt1672-rdt1672lv),wye,1
237,Transformer.tr(r:rdt1673-rdt1673lv),wye,1
238,Transformer.tr(r:rdt1674-rdt1674lv),wye,1
239,Transformer.tr(r:rdt1675-rdt1675lv),wye,1
240,Transformer.tr(r:rdt1676-rdt1676lv),wye,1
241,Transformer.tr(r:rdt1677-rdt1677lv),wye,1
242,Transformer.tr(r:rdt1678-rdt1678lv),wye,1
243,Transformer.tr(r:rdt1679-rdt1679lv),wye,1
244,Transformer.tr(r:rdt1680-rdt1680lv),wye,1
245,Transformer.tr(r:rdt1681-rdt1681lv),wye,1
246,Transformer.tr(r:rdt1682-rdt1682lv),wye,1
247,Transformer.tr(r:rdt1683-rdt1683lv),wye,1
248,Transformer.tr(r:rdt1684-rdt1684lv),wye,1
249,Transformer.tr(r:rdt1685-rdt1685lv),wye,1
250,Transformer.tr(r:rdt1686-rdt1686lv),wye,1
251,Transformer.tr(r:rdt1687-rdt1687lv),wye,1
252,Transformer.tr(r:rdt1688-rdt1688lv),wye,1
253,Transformer.tr(r:rdt1689-rdt1689lv),wye,1
254,Transformer.tr(r:rdt1690-rdt1690lv),wye,1
255,Transformer.tr(r:rdt1691-rdt1691lv),wye,1
256,Transformer.tr(r:rdt1692-rdt1692lv),wye,1
257,Transformer.tr(r:rdt1693-rdt1693lv),wye,1
258,Transformer.tr(r:rdt1694-rdt1694lv),wye,1
259,Transformer.tr(r:rdt1695-rdt1695lv),wye,1
260,Transformer.tr(r:rdt1696-rdt1696lv),wye,1
261,Transformer.tr(r:rdt1697-rdt1697lv),wye,1
262,Transformer.tr(r:rdt1698-rdt1698lv),wye,1
263,Transformer.tr(r:rdt1699-rdt1699lv),wye,1
264,Transformer.tr(r:rdt1700-rdt1700lv),wye,1
265,Transformer.tr(r:rdt1701-rdt1701lv),wye,1
266,Transformer.tr(r:rdt1702-rdt1702lv),wye,1
267,Transformer.tr(r:rdt1703-rdt1703lv),wye,1
268,Transformer.tr(r:rdt1704-rdt1704lv),wye,1
269,Transformer.tr(r:rdt1705-rdt1705lv),wye,1
270,Transformer.tr(r:rdt1706-rdt1706lv),wye,1
271,Transformer.tr(r:rdt1707-rdt1707lv),wye,1
272,Transformer.tr(r:rdt1708-rdt1708lv),wye,1
273,Transformer.tr(r:rdt1709-rdt1709lv),wye,1
274,Transformer.tr(r:rdt1710-rdt1710lv),wye,1
275,Transformer.tr(r:rdt1711-rdt1711lv),wye,1
276,Transformer.tr(r:rdt1712-rdt1712lv),wye,1
277,Transformer.tr(r:rdt1713-rdt1713lv),wye,1
278,Transformer.tr(r:rdt1714-rdt1714lv),wye,1
279,Transformer.tr(r:rdt1715-rdt1715lv),wye,1
280,Transformer.tr(r:rdt1716-rdt1716lv),wye,1
281,Transformer.tr(r:rdt1717-rdt1717lv),wye,1
282,Transformer.tr(r:rdt1718-rdt1718lv),wye,1
283,Transformer.tr(r:rdt1719-rdt1719lv),wye,1
284,Transformer.tr(r:rdt1720-rdt1720lv),wye,1
285,Transformer.tr(r:rdt1721-rdt1721lv),wye,1
286,Transformer.tr(r:rdt1722-rdt1722lv),wye,1
287,Transformer.tr(r:rdt1723-rdt1723lv),wye,1
288,Transformer.tr(r:rdt1724-rdt1724lv),wye,1
289,Transformer.tr(r:rdt1725-rdt1725lv),wye,1
290,Transformer.tr(r:rdt1726-rdt1726lv),wye,3
291,Transformer.tr(r:rdt1727-rdt1727lv),wye,1
292,Transformer.tr(r:rdt1728-rdt1728lv),wye,1
293,Transformer.tr(r:rdt1729-rdt1729lv),wye,1
294,Transformer.tr(r:rdt1730-rdt1730lv),wye,1
295,Transformer.tr(r:rdt1731-rdt1731lv),wye,1
296,Transformer.tr(r:rdt1732-rdt1732lv),wye,1
297,Transformer.tr(r:rdt1733-rdt1733lv),wye,1
298,Transformer.tr(r:rdt1734-rdt1734lv),wye,1
299,Transformer.tr(r:rdt1735-rdt1735lv),wye,1
300,Transformer.tr(r:rdt1736-rdt1736lv),wye,1
301,Transformer.tr(r:rdt1737-rdt1737lv),wye,1
302,Transformer.tr(r:rdt1744-rdt1744lv),wye,3
303,Transformer.tr(r:rdt1797-rdt1797lv),wye,1
304,Transformer.tr(r:rdt1798-rdt1798lv),wye,1
305,Transformer.tr(r:rdt1799-rdt1799lv),wye,1
306,Transformer.tr(r:rdt1800-rdt1800lv),wye,1
307,Transformer.tr(r:rdt1801-rdt1801lv),wye,1
308,Transformer.tr(r:rdt1802-rdt1802lv),wye,1
309,Transformer.tr(r:rdt1803-rdt1803lv),wye,1
310,Transformer.tr(r:rdt1804-rdt1804lv),wye,1
311,Transformer.tr(r:rdt1805-rdt1805lv),wye,1
312,Transformer.tr(r:rdt1806-rdt1806lv),wye,1
313,Transformer.tr(r:rdt1807-rdt1807lv),wye,1
314,Transformer.tr(r:rdt1808-rdt1808lv),wye,1
315,Transformer.tr(r:rdt1809-rdt1809lv),wye,1
316,Transformer.tr(r:rdt1810-rdt1810lv),wye,1
317,Transformer.tr(r:rdt1811-rdt1811lv),wye,1
318,Transformer.tr(r:rdt1812-rdt1812lv),wye,1
319,Transformer.tr(r:rdt1813-rdt1813lv),wye,1
320,Transformer.tr(r:rdt1814-rdt1814lv),wye,1
321,Transformer.tr(r:rdt1815-rdt1815lv),wye,1
322,Transformer.tr(r:rdt1816-rdt1816lv),wye,1
323,Transformer.tr(r:rdt1817-rdt1817lv),wye,1
324,Transformer.tr(r:rdt1818-rdt1818lv),wye,1
325,Transformer.tr(r:rdt1819-rdt1819lv),wye,1
326,Transformer.tr(r:rdt1820-rdt1820lv),wye,1
327,Transformer.tr(r:rdt1821-rdt1821lv),wye,1
328,Transformer.tr(r:rdt1822-rdt1822lv),wye,1
329,Transformer.tr(r:rdt1823-rdt1823lv),wye,1
330,Transformer.tr(r:rdt1824-rdt1824lv),wye,1
331,Transformer.tr(r:rdt1825-rdt1825lv),wye,1
332,Transformer.tr(r:rdt1826-rdt1826lv),wye,1
333,Transformer.tr(r:rdt1827-rdt1827lv),wye,1
334,Transformer.tr(r:rdt1828-rdt1828lv),wye,1
335,Transformer.tr(r:rdt1829-rdt1829lv),wye,1
336,Transformer.tr(r:rdt1830-rdt1830lv),wye,1
337,Transformer.tr(r:rdt1831-rdt1831lv),wye,1
338,Transformer.tr(r:rdt1832-rdt1832lv),wye,3
339,Transformer.tr(r:rdt1833-rdt1833lv),wye,1
340,Transformer.tr(r:rdt1834-rdt1834lv),wye,1
341,Transformer.tr(r:rdt1835-rdt1835lv),wye,1
342,Transformer.tr(r:rdt1836-rdt1836lv),wye,1
343,Transformer.tr(r:rdt1837-rdt1837lv),wye,1
344,Transformer.tr(r:rdt1838-rdt1838lv),wye,1
345,Transformer.tr(r:rdt1839-rdt1839lv),wye,1
346,Transformer.tr(r:rdt1840-rdt1840lv),wye,1
347,Transformer.tr(r:rdt1841-rdt1841lv),wye,1
348,Transformer.tr(r:rdt1842-rdt1842lv),wye,1
349,Transformer.tr(r:rdt1843-rdt1843lv),wye,1
350,Transformer.tr(r:rdt1844-rdt1844lv),wye,1
351,Transformer.tr(r:rdt1845-rdt1845lv),wye,1
352,Transformer.tr(r:rdt1846-rdt1846lv),wye,1
353,Transformer.tr(r:rdt1847-rdt1847lv),wye,1
354,Transformer.tr(r:rdt1848-rdt1848lv),wye,1
355,Transformer.tr(r:rdt1849-rdt1849lv),wye,1
356,Transformer.tr(r:rdt1850-rdt1850lv),wye,1
357,Transformer.tr(r:rdt1851-rdt1851lv),wye,1
358,Transformer.tr(r:rdt1852-rdt1852lv),wye,1
359,Transformer.tr(r:rdt1853-rdt1853lv),wye,1
360,Transformer.tr(r:rdt1854-rdt1854lv),wye,1
361,Transformer.tr(r:rdt1855-rdt1855lv),wye,1
362,Transformer.tr(r:rdt1856-rdt1856lv),wye,1
363,Transformer.tr(r:rdt1857-rdt1857lv),wye,1
364,Transformer.tr(r:rdt1858-rdt1858lv),wye,1
365,Transformer.tr(r:rdt1859-rdt1859lv),wye,1
366,Transformer.tr(r:rdt1860-rdt1860lv),wye,1
367,Transformer.tr(r:rdt1861-rdt1861lv),wye,1
368,Transformer.tr(r:rdt1862-rdt1862lv),wye,1
369,Transformer.tr(r:rdt1863-rdt1863lv),wye,1
370,Transformer.tr(r:rdt1864-rdt1864lv),wye,1
371,Transformer.tr(r:rdt1865-rdt1865lv),wye,1
372,Transformer.tr(r:rdt1866-rdt1866lv),wye,1
373,Transformer.tr(r:rdt1867-rdt1867lv),wye,1
374,Transformer.tr(r:rdt1868-rdt1868lv),wye,1
375,Transformer.tr(r:rdt1869-rdt1869lv),wye,1
376,Transformer.tr(r:rdt1870-rdt1870lv),wye,1
377,Transformer.tr(r:rdt1871-rdt1871lv),wye,1
378,Transformer.tr(r:rdt1872-rdt1872lv),wye,1
379,Transformer.tr(r:rdt1873-rdt1873lv),wye,1
380,Transformer.tr(r:rdt1874-rdt1874lv),wye,1
381,Transformer.tr(r:rdt1875-rdt1875lv),wye,1
382,Transformer.tr(r:rdt1876-rdt1876lv),wye,1
383,Transformer.tr(r:rdt1877-rdt1877lv),wye,1
384,Transformer.tr(r:rdt1878-rdt1878lv),wye,1
385,Transformer.tr(r:rdt1879-rdt1879lv),wye,1
386,Transformer.tr(r:rdt1880-rdt1880lv),wye,1
387,Transformer.tr(r:rdt1881-rdt1881lv),wye,1
388,Transformer.tr(r:rdt1882-rdt1882lv),wye,1
389,Transformer.tr(r:rdt1883-rdt1883lv),wye,1
390,Transformer.tr(r:rdt1884-rdt1884lv),wye,1
391,Transformer.tr(r:rdt1885-rdt1885lv),wye,1
392,Transformer.tr(r:rdt1886-rdt1886lv),wye,1
393,Transformer.tr(r:rdt1887-rdt1887lv),wye,1
394,Transformer.tr(r:rdt1888-rdt1888lv),wye,1
395,Transformer.tr(r:rdt1889-rdt1889lv),wye,1
396,Transformer.tr(r:rdt1890-rdt1890lv),wye,1
397,Transformer.tr(r:rdt1891-rdt1891lv),wye,1
398,Transformer.tr(r:rdt1892-rdt1892lv),wye,1
399,Transformer.tr(r:rdt1893-rdt1893lv),wye,1
400,Transformer.tr(r:rdt1894-rdt1894lv),wye,1
401,Transformer.tr(r:rdt1895-rdt1895lv),wye,1
402,Transformer.tr(r:rdt1896-rdt1896lv),wye,1
403,Transformer.tr(r:rdt1897-rdt1897lv),wye,1
404,Transformer.tr(r:rdt1898-rdt1898lv),wye,1
405,Transformer.tr(r:rdt1899-rdt1899lv),wye,1
406,Transformer.tr(r:rdt1900-rdt1900lv),wye,1
407,Transformer.tr(r:rdt1901-rdt1901lv),wye,1
408,Transformer.tr(r:rdt1902-rdt1902lv),wye,1
409,Transformer.tr(r:rdt1903-rdt1903lv),wye,1
410,Transformer.tr(r:rdt1904-rdt1904lv),wye,1
411,Transformer.tr(r:rdt1905-rdt1905lv),wye,1
412,Transformer.tr(r:rdt1906-rdt1906lv),wye,1
413,Transformer.tr(r:rdt1907-rdt1907lv),wye,1
414,Transformer.tr(r:rdt1908-rdt1908lv),wye,1
415,Transformer.tr(r:rdt1909-rdt1909lv),wye,1
416,Transformer.tr(r:rdt1910-rdt1910lv),wye,1
417,Transformer.tr(r:rdt1911-rdt1911lv),wye,1
418,Transformer.tr(r:rdt1912-rdt1912lv),wye,1
419,Transformer.tr(r:rdt1913-rdt1913lv),wye,1
420,Transformer.tr(r:rdt1914-rdt1914lv),wye,1
421,Transformer.tr(r:rdt1915-rdt1915lv),wye,1
422,Transformer.tr(r:rdt1916-rdt1916lv),wye,1
423,Transformer.tr(r:rdt1917-rdt1917lv),wye,1
424,Transformer.tr(r:rdt1918-rdt1918lv),wye,1
425,Transformer.tr(r:rdt1919-rdt1919lv),wye,1
426,Transformer.tr(r:rdt1920-rdt1920lv),wye,1
427,Transformer.tr(r:rdt1921-rdt1921lv),wye,1
428,Transformer.tr(r:rdt1922-rdt1922lv),wye,1
429,Transformer.tr(r:rdt1923-rdt1923lv),wye,1
430,Transformer.tr(r:rdt1924-rdt1924lv),wye,1
431,Transformer.tr(r:rdt1925-rdt1925lv),wye,1
432,Transformer.tr(r:rdt1926-rdt1926lv),wye,1
433,Transformer.tr(r:rdt1938-rdt1938lv),wye,1
434,Transformer.tr(r:rdt1939-rdt1939lv),wye,1
435,Transformer.tr(r:rdt1940-rdt1940lv),wye,1
436,Transformer.tr(r:rdt1941-rdt1941lv),wye,1
437,Transformer.tr(r:rdt1942-rdt1942lv),wye,1
438,Transformer.tr(r:rdt1943-rdt1943lv),wye,1
439,Transformer.tr(r:rdt1944-rdt1944lv),wye,1
440,Transformer.tr(r:rdt1945-rdt1945lv),wye,1
441,Transformer.tr(r:rdt1946-rdt1946lv),wye,1
442,Transformer.tr(r:rdt2153-rdt2153lv),wye,1
443,Transformer.tr(r:rdt2154-rdt2154lv),wye,1
444,Transformer.tr(r:rdt2155-rdt2155lv),wye,1
445,Transformer.tr(r:rdt2156-rdt2156lv),wye,1
446,Transformer.tr(r:rdt2157-rdt2157lv),wye,1
447,Transformer.tr(r:rdt2158-rdt2158lv),wye,1
448,Transformer.tr(r:rdt2159-rdt2159lv),wye,1
449,Transformer.tr(r:rdt2160-rdt2160lv),wye,1
450,Transformer.tr(r:rdt2161-rdt2161lv),wye,1
451,Transformer.tr(r:rdt2162-rdt2162lv),wye,1
452,Transformer.tr(r:rdt2163-rdt2163lv),wye,1
453,Transformer.tr(r:rdt2164-rdt2164lv),wye,1
454,Transformer.tr(r:rdt2165-rdt2165lv),wye,1
455,Transformer.tr(r:rdt2166-rdt2166lv),wye,1
456,Transformer.tr(r:rdt2167-rdt2167lv),wye,1
457,Transformer.tr(r:rdt2168-rdt2168lv),wye,1
458,Transformer.tr(r:rdt2169-rdt2169lv),wye,1
459,Transformer.tr(r:rdt2170-rdt2170lv),wye,1
460,Transformer.tr(r:rdt2171-rdt2171lv),wye,1
461,Transformer.tr(r:rdt2172-rdt2172lv),wye,1
462,Transformer.tr(r:rdt2173-rdt2173lv),wye,1
463,Transformer.tr(r:rdt2174-rdt2174lv),wye,1
464,Transformer.tr(r:rdt2175-rdt2175lv),wye,1
465,Transformer.tr(r:rdt2176-rdt2176lv),wye,1
466,Transformer.tr(r:rdt2177-rdt2177lv),wye,1
467,Transformer.tr(r:rdt2178-rdt2178lv),wye,1
468,Transformer.tr(r:rdt2179-rdt2179lv),wye,1
469,Transformer.tr(r:rdt2180-rdt2180lv),wye,1
470,Transformer.tr(r:rdt2181-rdt2181lv),wye,1
471,Transformer.tr(r:rdt2182-rdt2182lv),wye,1
472,Transformer.tr(r:rdt2183-rdt2183lv),wye,1
473,Transformer.tr(r:rdt2184-rdt2184lv),wye,1
474,Transformer.tr(r:rdt2185-rdt2185lv),wye,1
475,Transformer.tr(r:rdt2186-rdt2186lv),wye,1
476,Transformer.tr(r:rdt2187-rdt2187lv),wye,1
477,Transformer.tr(r:rdt2188-rdt2188lv),wye,1
478,Transformer.tr(r:rdt2189-rdt2189lv),wye,1
479,Transformer.tr(r:rdt2190-rdt2190lv),wye,1
480,Transformer.tr(r:rdt2191-rdt2191lv),wye,1
481,Transformer.tr(r:rdt2192-rdt2192lv),wye,1
482,Transformer.tr(r:rdt2193-rdt2193lv),wye,1
483,Transformer.tr(r:rdt2194-rdt2194lv),wye,1
484,Transformer.tr(r:rdt2195-rdt2195lv),wye,1
485,Transformer.tr(r:rdt2196-rdt2196lv),wye,1
486,Transformer.tr(r:rdt2197-rdt2197lv),wye,1
487,Transformer.tr(r:rdt2198-rdt2198lv),wye,1
488,Transformer.tr(r:rdt2199-rdt2199lv),wye,1
489,Transformer.tr(r:rdt2200-rdt2200lv),wye,1
490,Transformer.tr(r:rdt2201-rdt2201lv),wye,1
491,Transformer.tr(r:rdt2202-rdt2202lv),wye,1
492,Transformer.tr(r:rdt2203-rdt2203lv),wye,1
493,Transformer.tr(r:rdt2204-rdt2204lv),wye,1
494,Transformer.tr(r:rdt2205-rdt2205lv),wye,1
495,Transformer.tr(r:rdt2206-rdt2206lv),wye,1
496,Transformer.tr(r:rdt2207-rdt2207lv),wye,1
497,Transformer.tr(r:rdt2208-rdt2208lv),wye,1
498,Transformer.tr(r:rdt2209-rdt2209lv),wye,1
499,Transformer.tr(r:rdt2210-rdt2210lv),wye,3
500,Transformer.tr(r:rdt2211-rdt2211lv),wye,1
501,Transformer.tr(r:rdt2212-rdt2212lv),wye,1
502,Transformer.tr(r:rdt2228-rdt2228lv),wye,1
503,Transformer.tr(r:rdt2229-rdt2229lv),wye,1
504,Transformer.tr(r:rdt2230-rdt2230lv),wye,1
505,Transformer.tr(r:rdt2231-rdt2231lv),wye,1
506,Transformer.tr(r:rdt2232-rdt2232lv),wye,1
507,Transformer.tr(r:rdt2233-rdt2233lv),wye,1
508,Transformer.tr(r:rdt2234-rdt2234lv),wye,1
509,Transformer.tr(r:rdt2235-rdt2235lv),wye,1
510,Transformer.tr(r:rdt2236-rdt2236lv),wye,1
511,Transformer.tr(r:rdt2237-rdt2237lv),wye,1
512,Transformer.tr(r:rdt2238-rdt2238lv),wye,1
513,Transformer.tr(r:rdt2239-rdt2239lv),wye,1
514,Transformer.tr(r:rdt2240-rdt2240lv),wye,1
515,Transformer.tr(r:rdt2241-rdt2241lv),wye,1
516,Transformer.tr(r:rdt2242-rdt2242lv),wye,1
517,Transformer.tr(r:rdt2243-rdt2243lv),wye,1
518,Transformer.tr(r:rdt2244-rdt2244lv),wye,1
519,Transformer.tr(r:rdt2245-rdt2245lv),wye,1
520,Transformer.tr(r:rdt2246-rdt2246lv),wye,1
521,Transformer.tr(r:rdt2247-rdt2247lv),wye,1
522,Transformer.tr(r:rdt2248-rdt2248lv),wye,1
523,Transformer.tr(r:rdt2249-rdt2249lv),wye,1
524,Transformer.tr(r:rdt2250-rdt2250lv),wye,1
525,Transformer.tr(r:rdt2251-rdt2251lv),wye,1
526,Transformer.tr(r:rdt2252-rdt2252lv),wye,1
527,Transformer.tr(r:rdt2253-rdt2253lv),wye,1
528,Transformer.tr(r:rdt2254-rdt2254lv),wye,1
529,Transformer.tr(r:rdt2255-rdt2255lv),wye,1
530,Transformer.tr(r:rdt2256-rdt2256lv),wye,1
531,Transformer.tr(r:rdt2257-rdt2257lv),wye,1
532,Transformer.tr(r:rdt2258-rdt2258lv),wye,1
533,Transformer.tr(r:rdt2259-rdt2259lv),wye,1
534,Transformer.tr(r:rdt2260-rdt2260lv),wye,1
535,Transformer.tr(r:rdt2261-rdt2261lv),wye,1
536,Transformer.tr(r:rdt2262-rdt2262lv),wye,1
537,Transformer.tr(r:rdt2263-rdt2263lv),wye,1
538,Transformer.tr(r:rdt2264-rdt2264lv),wye,1
539,Transformer.tr(r:rdt2265-rdt2265lv),wye,1
540,Transformer.tr(r:rdt2496-rdt2496lv),wye,1
541,Transformer.tr(r:rdt2497-rdt2497lv),wye,1
542,Transformer.tr(r:rdt2498-rdt2498lv),wye,1
543,Transformer.tr(r:rdt2499-rdt2499lv),wye,1
544,Transformer.tr(r:rdt2500-rdt2500lv),wye,1
545,Transformer.tr(r:rdt2501-rdt2501lv),wye,1
546,Transformer.tr(r:rdt2502-rdt2502lv),wye,1
547,Transformer.tr(r:rdt2503-rdt2503lv),wye,1
548,Transformer.tr(r:rdt2504-rdt2504lv),wye,1
549,Transformer.tr(r:rdt2505-rdt2505lv),wye,1
550,Transformer.tr(r:rdt2506-rdt2506lv),wye,1
551,Transformer.tr(r:rdt2578-rdt2578lv),wye,1
552,Transformer.tr(r:rdt2579-rdt2579lv),wye,3
553,Transformer.tr(r:rdt2580-rdt2580lv),wye,1
554,Transformer.tr(r:rdt2581-rdt2581lv),wye,3
555,Transformer.tr(r:rdt2582-rdt2582lv),wye,1
556,Transformer.tr(r:rdt2583-rdt2583lv),wye,1
557,Transformer.tr(r:rdt2584-rdt2584lv),wye,1
558,Transformer.tr(r:rdt2585-rdt2585lv),wye,1
559,Transformer.tr(r:rdt2776-rdt2776lv),wye,1
560,Transformer.tr(r:rdt2777-rdt2777lv),wye,1
561,Transformer.tr(r:rdt2778-rdt2778lv),wye,1
562,Transformer.tr(r:rdt2779-rdt2779lv),wye,1
563,Transformer.tr(r:rdt2780-rdt2780lv),wye,1
564,Transformer.tr(r:rdt2781-rdt2781lv),wye,1
565,Transformer.tr(r:rdt2782-rdt2782lv),wye,1
566,Transformer.tr(r:rdt2783-rdt2783lv),wye,1
567,Transformer.tr(r:rdt2784-rdt2784lv),wye,1
568,Transformer.tr(r:rdt2785-rdt2785lv),wye,1
569,Transformer.tr(r:rdt2786-rdt2786lv),wye,1
570,Transformer.tr(r:rdt2787-rdt2787lv),wye,1
571,Transformer.tr(r:rdt2788-rdt2788lv),wye,1
572,Transformer.tr(r:rdt2890-rdt2890lv),wye,1
573,Transformer.tr(r:rdt2891-rdt2891lv),wye,1
574,Transformer.tr(r:rdt2892-rdt2892lv),wye,1
575,Transformer.tr(r:rdt2893-rdt2893lv),wye,3
576,Transformer.tr(r:rdt2894-rdt2894lv),wye,1
577,Transformer.tr(r:rdt2895-rdt2895lv),wye,1
578,Transformer.tr(r:rdt2896-rdt2896lv),wye,1
579,Transformer.tr(r:rdt2897-rdt2897lv),wye,1
580,Transformer.tr(r:rdt2898-rdt2898lv),wye,1
581,Transformer.tr(r:rdt2899-rdt2899lv),wye,1
582,Transformer.tr(r:rdt2900-rdt2900lv),wye,1
583,Transformer.tr(r:rdt2901-rdt2901lv),wye,1
584,Transformer.tr(r:rdt2902-rdt2902lv),wye,1
585,Transformer.tr(r:rdt2903-rdt2903lv),wye,1
586,Transformer.tr(r:rdt2904-rdt2904lv),wye,1
587,Transformer.tr(r:rdt2905-rdt2905lv),wye,1
588,Transformer.tr(r:rdt2906-rdt2906lv),wye,1
589,Transformer.tr(r:rdt2907-rdt2907lv),wye,1
590,Transformer.tr(r:rdt2908-rdt2908lv),wye,1
591,Transformer.tr(r:rdt2911-rdt2911lv),wye,1
592,Transformer.tr(r:rdt3200-rdt3200lv),wye,3
593,Transformer.tr(r:rdt3328-rdt3328lv),wye,1
594,Transformer.tr(r:rdt3329-rdt3329lv),wye,1
595,Transformer.tr(r:rdt3330-rdt3330lv),wye,1
596,Transformer.tr(r:rdt3331-rdt3331lv),wye,1
597,Transformer.tr(r:rdt3332-rdt3332lv),wye,1
598,Transformer.tr(r:rdt3333-rdt3333lv),wye,1
599,Transformer.tr(r:rdt3334-rdt3334lv),wye,1
600,Transformer.tr(r:rdt3335-rdt3335lv),wye,1
601,Transformer.tr(r:rdt3336-rdt3336lv),wye,1
602,Transformer.tr(r:rdt3337-rdt3337lv),wye,1
603,Transformer.tr(r:rdt3338-rdt3338lv),wye,1
604,Transformer.trans_addreg_rdt1844-rdt2155xx,wye,3
